{"resnet18": {"val_loss": [0.38311372305217545, 0.257090326447628, 0.15202542784084616, 0.13327732046232804, 0.13708425088368945, 0.13901122053319245, 0.14036976329148992, 0.12806542169020854, 0.12423332193774465, 0.1228602283609737, 0.121844956351101, 0.12109310206754967, 0.12038958453922532, 0.1198610393475974, 0.11943852431738235], "val_acc": [0.8717105263157895, 0.930921052631579, 0.9506578947368421, 0.9539473684210527, 0.9539473684210527, 0.9605263157894737, 0.9539473684210527, 0.9638157894736842, 0.9638157894736842, 0.9638157894736842, 0.9605263157894737, 0.9605263157894737, 0.9605263157894737, 0.9605263157894737, 0.9605263157894737]}, "resnet50": {"val_acc": [0.7532894736842105, 0.9342105263157895, 0.9078947368421053, 0.9572368421052632, 0.944078947368421, 0.9703947368421053, 0.9638157894736842, 0.9671052631578947, 0.9703947368421053, 0.9671052631578947, 0.9671052631578947, 0.9671052631578947, 0.9671052631578947, 0.9671052631578947, 0.9671052631578947], "val_loss": [0.7650746491394544, 0.22494066844841368, 0.22736385072532453, 0.14049444298603034, 0.16380185632672356, 0.1099657304355213, 0.12069128086716917, 0.12106547347809139, 0.1073947048847147, 0.10429471345636748, 0.10217359446840801, 0.10044788711208016, 0.09911992324678547, 0.09810239661907728, 0.09727971950211979]}, "resnet152": {"val_loss": [0.9731934698004472, 0.7047971910551974, 0.6760851952590441, 0.6772574111819267, 0.7142839971929789, 0.9088201449301682, 0.7811820746252411, 0.8082440578819889, 0.8762860716026473, 0.8527648241357192, 0.8238551223307455, 0.7423174326724716, 0.7209535529668516, 0.7686497200537767, 0.6785401811326952], "val_acc": [0.6546052631578947, 0.7631578947368421, 0.7598684210526315, 0.7697368421052632, 0.7763157894736842, 0.75, 0.7730263157894737, 0.756578947368421, 0.756578947368421, 0.7861842105263158, 0.7894736842105263, 0.7927631578947368, 0.8256578947368421, 0.8223684210526315, 0.8618421052631579]}, "resnext50": {"val_loss": [0.40463793787517044, 0.16162075712590626, 0.1914425429544951, 0.17160128167291222, 0.1373705692852749, 0.1571031879774589, 0.1286412749277109, 0.10455092711919478, 0.10479009692713398, 0.10504469398859471, 0.1057928514599457, 0.10613097227101925, 0.1063338979430754, 0.10651788098651818, 0.10669862402382453], "val_acc": [0.8618421052631579, 0.9539473684210527, 0.9342105263157895, 0.9407894736842105, 0.9605263157894737, 0.9506578947368421, 0.9638157894736842, 0.9671052631578947, 0.9736842105263158, 0.9736842105263158, 0.9736842105263158, 0.9736842105263158, 0.9736842105263158, 0.9736842105263158, 0.9703947368421053]}, "efficientnet_b7": {"val_loss": [0.392552822436157, 0.1551998772315289, 0.11905266692567813, 0.12145356190586953, 0.10624890866395283, 0.09394600904718238, 0.11964146668814417, 0.13603527483677394, 0.10355976928871027, 0.09739223939648486, 0.11304763885747984, 0.11560140736401081, 0.10566226324666977, 0.10964024052909256, 0.12146687467496745], "val_acc": [0.8782894736842105, 0.9375, 0.9539473684210527, 0.9539473684210527, 0.9572368421052632, 0.9671052631578947, 0.9605263157894737, 0.9539473684210527, 0.9703947368421053, 0.9638157894736842, 0.9572368421052632, 0.9605263157894737, 0.9605263157894737, 0.9703947368421053, 0.9703947368421053]}, "resnext101": {"val_loss": [0.43684109300374985, 0.22964323039999918, 0.22536170301885394, 0.1568701098746571, 0.1413258719993265, 0.1452736962896061, 0.14724346602988111, 0.10872341369241967, 0.10886080450559109, 0.10785342178668973, 0.10808186895232402, 0.10811614406740869, 0.1082391962677081, 0.10841880277994757, 0.10859740659285116], "val_acc": [0.8388157894736842, 0.930921052631579, 0.9342105263157895, 0.9243421052631579, 0.9473684210526315, 0.9539473684210527, 0.9572368421052632, 0.9638157894736842, 0.9572368421052632, 0.9605263157894737, 0.9638157894736842, 0.9638157894736842, 0.9671052631578947, 0.9671052631578947, 0.9671052631578947]}, "efficientnet_b1": {"val_loss": [0.26233815842945324, 0.20891535885043835, 0.16284183638268396, 0.15849489565497557, 0.13812631514462592, 0.1463858697526647, 0.14424702097772082, 0.1581615421026455, 0.13363359414353526, 0.14748785614440413, 0.13701673601080025, 0.1516407653413664, 0.12786340490167372, 0.14066363125120437, 0.137491261139267], "val_acc": [0.9111842105263158, 0.9243421052631579, 0.9407894736842105, 0.9473684210526315, 0.9473684210526315, 0.944078947368421, 0.9473684210526315, 0.9506578947368421, 0.9572368421052632, 0.9506578947368421, 0.9506578947368421, 0.944078947368421, 0.9605263157894737, 0.9506578947368421, 0.9605263157894737]}, "efficientnet_b2": {"val_loss": [0.3186587844240038, 0.2139233850236786, 0.15894926643293156, 0.12966141885906263, 0.1417728885916356, 0.12818442972217636, 0.11912647373116526, 0.1379972450913077, 0.16589261185206278, 0.10876840069326327, 0.2131785953104937, 0.11293242974390619, 0.16378724175248002, 0.10855167455615868, 0.09311118739424273], "val_acc": [0.8881578947368421, 0.9144736842105263, 0.9342105263157895, 0.9605263157894737, 0.9407894736842105, 0.9605263157894737, 0.9539473684210527, 0.9506578947368421, 0.9473684210526315, 0.9539473684210527, 0.9375, 0.9605263157894737, 0.9572368421052632, 0.9572368421052632, 0.9703947368421053]}, "efficientnet_b3": {"val_loss": [0.3723360707885341, 0.2655441669845267, 0.23354621121267738, 0.21190766590696417, 0.19818834719052048, 0.20843948168667817, 0.1839722482775534, 0.21498749836495049, 0.22448813938229395, 0.2491554586909172, 0.1747817783953475, 0.168639414459712, 0.26344058751955773, 0.2829619349979207, 0.20664839752824168], "val_acc": [0.8947368421052632, 0.8980263157894737, 0.9177631578947368, 0.9342105263157895, 0.9342105263157895, 0.9276315789473685, 0.9375, 0.930921052631579, 0.9342105263157895, 0.930921052631579, 0.944078947368421, 0.9539473684210527, 0.9375, 0.9342105263157895, 0.944078947368421]}, "efficientnet_b4": {"val_loss": [1.3394697935957658, 1.2445239612930699, 0.8997622540122584, 0.4938600847595616, 0.36250956591806915, 0.2885352073139266, 0.21947216252355198, 0.20895796502009034, 0.2003412436399805, 0.16867766728759498, 0.21666393552808777, 0.201497462109393, 0.17719282297108102, 0.15997550625501103, 0.18490825655010812], "val_acc": [0.4605263157894737, 0.5230263157894737, 0.7598684210526315, 0.8519736842105263, 0.8881578947368421, 0.9111842105263158, 0.9342105263157895, 0.930921052631579, 0.9342105263157895, 0.9407894736842105, 0.930921052631579, 0.9342105263157895, 0.9473684210526315, 0.9407894736842105, 0.9407894736842105]}, "efficientnet_b5": {"val_loss": [0.31731044618706955, 0.16994482822912305, 0.1545486792823986, 0.17114134074041717, 0.12309815616984117, 0.1440646496454352, 0.11684513245831783, 0.11894324147387554, 0.11971639193545439, 0.12555407894174814, 0.1400112020262321, 0.14457117700581684, 0.12506465320659213, 0.11564455098644096, 0.11336485504350428], "val_acc": [0.9210526315789473, 0.944078947368421, 0.9473684210526315, 0.9342105263157895, 0.9605263157894737, 0.9539473684210527, 0.9671052631578947, 0.9605263157894737, 0.9638157894736842, 0.9638157894736842, 0.9506578947368421, 0.9539473684210527, 0.9539473684210527, 0.9605263157894737, 0.9638157894736842]}, "efficientnet_b6": {"val_loss": [0.4484933795113313, 0.2533132198609804, 0.20904435089936382, 0.1485426791355406, 0.1984912527504524, 0.13756989959725424, 0.14009890101825526, 0.16817064175235205, 0.15701590108342076, 0.15946960574518398, 0.1581883778195142, 0.16195924614409082, 0.15136623825559295, 0.15163642899470256, 0.1538364386008317], "val_acc": [0.8618421052631579, 0.9276315789473685, 0.9177631578947368, 0.9605263157894737, 0.9342105263157895, 0.9506578947368421, 0.9473684210526315, 0.9473684210526315, 0.9506578947368421, 0.9506578947368421, 0.9539473684210527, 0.9506578947368421, 0.9572368421052632, 0.9539473684210527, 0.9605263157894737]}}