{"resnet18": {"test_loss": 0.2331777778224358, "test_acc": 0.944078947368421}, "resnet50": {"test_loss": 0.19711123497415284, "test_acc": 0.9473684210526315}, "resnet152": {"test_loss": 0.8817900039598738, "test_acc": 0.7763157894736842}, "resnext50": {"test_loss": 0.13849545325808177, "test_acc": 0.9703947368421053}, "efficientnet_b7": {"test_loss": 0.16132285811870947, "test_acc": 0.9572368421052632}, "efficientnet_b1": {"test_loss": 0.14398646474383944, "test_acc": 0.9605263157894737}, "efficientnet_b2": {"test_loss": 0.16100230293293288, "test_acc": 0.9539473684210527}, "efficientnet_b3": {"test_loss": 0.21442970147625984, "test_acc": 0.9473684210526315}, "efficientnet_b4": {"test_loss": 0.22373312925552263, "test_acc": 0.9078947368421053}, "efficientnet_b5": {"test_loss": 0.15931315662792736, "test_acc": 0.9572368421052632}, "efficientnet_b6": {"test_loss": 0.1716425124284701, "test_acc": 0.9506578947368421}}